,mpid,fname,sname,party,url
0,42976,Diane,Abbott,Lab,https://www.publicwhip.org.uk/mp.php?mpid=42976
1,42945,Jack,Abbott,Lab,https://www.publicwhip.org.uk/mp.php?mpid=42945
2,43136,Debbie,Abrahams,Lab,https://www.publicwhip.org.uk/mp.php?mpid=43136
3,42904,Shockat,Adam,Independent,https://www.publicwhip.org.uk/mp.php?mpid=42904
4,43143,Zubir,Ahmed,Lab,https://www.publicwhip.org.uk/mp.php?mpid=43143
5,43015,Luke,Akehurst,Lab,https://www.publicwhip.org.uk/mp.php?mpid=43015
6,43234,Sadik,Al-Hassan,Lab,https://www.publicwhip.org.uk/mp.php?mpid=43234
7,43018,Bayo,Alaba,Lab,https://www.publicwhip.org.uk/mp.php?mpid=43018
8,43076,Dan,Aldridge,Lab,https://www.publicwhip.org.uk/mp.php?mpid=43076
9,42905,Douglas,Alexander,Lab,https://www.publicwhip.org.uk/mp.php?mpid=42905
10,42785,Heidi,Alexander,Lab,https://www.publicwhip.org.uk/mp.php?mpid=42785
11,43346,Rushanara,Ali,Lab,https://www.publicwhip.org.uk/mp.php?mpid=43346
12,43338,Tahir,Ali,Lab,https://www.publicwhip.org.uk/mp.php?mpid=43338
13,42832,Rosena,Allin-Khan,Lab,https://www.publicwhip.org.uk/mp.php?mpid=42832
14,43395,Jim,Allister,Traditional Unionist Voice,https://www.publicwhip.org.uk/mp.php?mpid=43395
15,42853,Mike,Amesbury,Lab,https://www.publicwhip.org.uk/mp.php?mpid=42853
16,43240,Gideon,Amos,LDem,https://www.publicwhip.org.uk/mp.php?mpid=43240
17,42938,Callum,Anderson,Lab,https://www.publicwhip.org.uk/mp.php?mpid=42938
18,42827,Fleur,Anderson,Lab,https://www.publicwhip.org.uk/mp.php?mpid=42827
19,42797,Lee,Anderson,Reform UK,https://www.publicwhip.org.uk/mp.php?mpid=42797
20,43170,Stuart,Anderson,Con,https://www.publicwhip.org.uk/mp.php?mpid=43170
21,43421,Stuart,Andrew,Con,https://www.publicwhip.org.uk/mp.php?mpid=43421
22,42844,Tonia,Antoniazzi,Lab,https://www.publicwhip.org.uk/mp.php?mpid=42844
23,43155,Steffan,Aquarone,LDem,https://www.publicwhip.org.uk/mp.php?mpid=43155
24,43287,Edward,Argar,Con,https://www.publicwhip.org.uk/mp.php?mpid=43287
25,43353,Scott,Arthur,Lab,https://www.publicwhip.org.uk/mp.php?mpid=43353
26,42946,Jessica,Asato,Lab,https://www.publicwhip.org.uk/mp.php?mpid=42946
27,43360,James,Asser,Lab,https://www.publicwhip.org.uk/mp.php?mpid=43360
28,43056,Jas,Athwal,Lab,https://www.publicwhip.org.uk/mp.php?mpid=43056
29,42978,Victoria,Atkins,Con,https://www.publicwhip.org.uk/mp.php?mpid=42978
30,42985,Catherine,Atkinson,Lab,https://www.publicwhip.org.uk/mp.php?mpid=42985
31,42784,Lewis,Atkinson,Lab,https://www.publicwhip.org.uk/mp.php?mpid=42784
32,42882,Josh,Babarinde,LDem,https://www.publicwhip.org.uk/mp.php?mpid=42882
33,42885,Gareth,Bacon,Con,https://www.publicwhip.org.uk/mp.php?mpid=42885
34,42967,Kemi,Badenoch,Con,https://www.publicwhip.org.uk/mp.php?mpid=42967
35,42848,Calvin,Bailey,Lab,https://www.publicwhip.org.uk/mp.php?mpid=42848
36,43387,Olivia,Bailey,Lab,https://www.publicwhip.org.uk/mp.php?mpid=43387
37,43299,David,Baines,Lab,https://www.publicwhip.org.uk/mp.php?mpid=43299
38,43061,Alex,Baker,Lab,https://www.publicwhip.org.uk/mp.php?mpid=43061
39,43354,Richard,Baker,Lab,https://www.publicwhip.org.uk/mp.php?mpid=43354
40,43038,Harriett,Baldwin,Con,https://www.publicwhip.org.uk/mp.php?mpid=43038
41,43329,Alex,Ballinger,Lab,https://www.publicwhip.org.uk/mp.php?mpid=43329
42,42857,Antonia,Bance,Lab,https://www.publicwhip.org.uk/mp.php?mpid=42857
43,42865,Steve,Barclay,Con,https://www.publicwhip.org.uk/mp.php?mpid=42865
44,42994,Paula,Barker,Lab,https://www.publicwhip.org.uk/mp.php?mpid=42994
45,43280,Lee,Barron,Lab,https://www.publicwhip.org.uk/mp.php?mpid=43280
46,42981,Alex,Barros-Curtis,Lab,https://www.publicwhip.org.uk/mp.php?mpid=42981
47,42928,Johanna,Baxter,Lab,https://www.publicwhip.org.uk/mp.php?mpid=42928
48,43400,Danny,Beales,Lab,https://www.publicwhip.org.uk/mp.php?mpid=43400
49,43118,Lorraine,Beavers,Lab,https://www.publicwhip.org.uk/mp.php?mpid=43118
50,43408,Peter,Bedford,Con,https://www.publicwhip.org.uk/mp.php?mpid=43408
51,43137,Apsana,Begum,Lab,https://www.publicwhip.org.uk/mp.php?mpid=43137
52,43433,Apsana,Begum,Independent,https://www.publicwhip.org.uk/mp.php?mpid=43433
53,42830,Torsten,Bell,Lab,https://www.publicwhip.org.uk/mp.php?mpid=42830
54,43133,Hilary,Benn,Lab,https://www.publicwhip.org.uk/mp.php?mpid=43133
55,43164,Alison,Bennett,LDem,https://www.publicwhip.org.uk/mp.php?mpid=43164
56,43310,Si&acirc;n,Berry,Green,https://www.publicwhip.org.uk/mp.php?mpid=43310
57,43169,Clive,Betts,Lab,https://www.publicwhip.org.uk/mp.php?mpid=43169
58,42927,Saqib,Bhatti,Con,https://www.publicwhip.org.uk/mp.php?mpid=42927
59,42899,Polly,Billington,Lab,https://www.publicwhip.org.uk/mp.php?mpid=42899
60,43316,Matt,Bishop,Lab,https://www.publicwhip.org.uk/mp.php?mpid=43316
61,43283,Bob,Blackman,Con,https://www.publicwhip.org.uk/mp.php?mpid=43283
62,42887,Kirsty,Blackman,SNP,https://www.publicwhip.org.uk/mp.php?mpid=42887
63,43148,Olivia,Blake,Lab,https://www.publicwhip.org.uk/mp.php?mpid=43148
64,43264,Rachel,Blake,Lab,https://www.publicwhip.org.uk/mp.php?mpid=43264
65,42891,Christopher,Bloore,Lab,https://www.publicwhip.org.uk/mp.php?mpid=42891
66,43132,Elsie,Blundell,Lab,https://www.publicwhip.org.uk/mp.php?mpid=43132
67,42829,Kevin,Bonavia,Lab,https://www.publicwhip.org.uk/mp.php?mpid=42829
68,43291,Sarah,Bool,Con,https://www.publicwhip.org.uk/mp.php?mpid=43291
69,43102,Jade,Botterill,Lab,https://www.publicwhip.org.uk/mp.php?mpid=43102
70,43359,Andrew,Bowie,Con,https://www.publicwhip.org.uk/mp.php?mpid=43359
71,43040,Sureena,Brackenridge,Lab,https://www.publicwhip.org.uk/mp.php?mpid=43040
72,42956,Karen,Bradley,Con,https://www.publicwhip.org.uk/mp.php?mpid=42956
73,43279,Aphra,Brandreth,Con,https://www.publicwhip.org.uk/mp.php?mpid=43279
74,42845,Jonathan,Brash,Lab,https://www.publicwhip.org.uk/mp.php?mpid=42845
75,42943,Suella,Braverman,Con,https://www.publicwhip.org.uk/mp.php?mpid=42943
76,42908,Alex,Brewer,LDem,https://www.publicwhip.org.uk/mp.php?mpid=42908
77,42914,Phil,Brickell,Lab,https://www.publicwhip.org.uk/mp.php?mpid=42914
78,42920,Jessica,Brown-Fuller,LDem,https://www.publicwhip.org.uk/mp.php?mpid=42920
79,42866,Chris,Bryant,Lab,https://www.publicwhip.org.uk/mp.php?mpid=42866
80,43051,Julia,Buckley,Lab,https://www.publicwhip.org.uk/mp.php?mpid=43051
81,42881,Alex,Burghart,Con,https://www.publicwhip.org.uk/mp.php?mpid=42881
82,43252,Richard,Burgon,Lab,https://www.publicwhip.org.uk/mp.php?mpid=43252
83,43434,Richard,Burgon,Independent,https://www.publicwhip.org.uk/mp.php?mpid=43434
84,43081,Maureen,Burke,Lab,https://www.publicwhip.org.uk/mp.php?mpid=43081
85,43059,David,Burton-Sampson,Lab,https://www.publicwhip.org.uk/mp.php?mpid=43059
86,42916,Dawn,Butler,Lab,https://www.publicwhip.org.uk/mp.php?mpid=42916
87,42879,Ian,Byrne,Lab,https://www.publicwhip.org.uk/mp.php?mpid=42879
88,43435,Ian,Byrne,Independent,https://www.publicwhip.org.uk/mp.php?mpid=43435
89,43189,Liam,Byrne,Lab,https://www.publicwhip.org.uk/mp.php?mpid=43189
90,42935,Ruth,Cadbury,Lab,https://www.publicwhip.org.uk/mp.php?mpid=42935
91,43117,Nesil,Caliskan,Lab,https://www.publicwhip.org.uk/mp.php?mpid=43117
92,42806,Alan,Campbell,Lab,https://www.publicwhip.org.uk/mp.php?mpid=42806
93,43425,Gregory,Campbell,DUP,https://www.publicwhip.org.uk/mp.php?mpid=43425
94,43014,Irene,Campbell,Lab,https://www.publicwhip.org.uk/mp.php?mpid=43014
95,42839,Juliet,Campbell,Lab,https://www.publicwhip.org.uk/mp.php?mpid=42839
96,43145,Markus,Campbell-Savours,Lab,https://www.publicwhip.org.uk/mp.php?mpid=43145
97,43025,Charlotte,Cane,LDem,https://www.publicwhip.org.uk/mp.php?mpid=43025
98,42824,Dan,Carden,Lab,https://www.publicwhip.org.uk/mp.php?mpid=42824
99,43289,Sam,Carling,Lab,https://www.publicwhip.org.uk/mp.php?mpid=43289
100,43365,Alistair,Carmichael,LDem,https://www.publicwhip.org.uk/mp.php?mpid=43365
101,43370,Alistair,Carns,Lab,https://www.publicwhip.org.uk/mp.php?mpid=43370
102,43292,James,Cartlidge,Con,https://www.publicwhip.org.uk/mp.php?mpid=43292
103,43218,David,Chadwick,LDem,https://www.publicwhip.org.uk/mp.php?mpid=43218
104,43215,Wendy,Chamberlain,LDem,https://www.publicwhip.org.uk/mp.php?mpid=43215
105,43385,Danny,Chambers,LDem,https://www.publicwhip.org.uk/mp.php?mpid=43385
106,42969,Sarah,Champion,Lab,https://www.publicwhip.org.uk/mp.php?mpid=42969
107,43019,Bambos,Charalambous,Lab,https://www.publicwhip.org.uk/mp.php?mpid=43019
108,43128,Luke,Charters,Lab,https://www.publicwhip.org.uk/mp.php?mpid=43128
109,43320,Christopher,Chope,Con,https://www.publicwhip.org.uk/mp.php?mpid=43320
110,43324,Ellie,Chowns,Green,https://www.publicwhip.org.uk/mp.php?mpid=43324
111,43026,Feryal,Clark,Lab,https://www.publicwhip.org.uk/mp.php?mpid=43026
112,43339,James,Cleverly,Con,https://www.publicwhip.org.uk/mp.php?mpid=43339
113,43319,Geoffrey,Clifton-Brown,Con,https://www.publicwhip.org.uk/mp.php?mpid=43319
114,42799,Lewis,Cocking,Con,https://www.publicwhip.org.uk/mp.php?mpid=42799
115,43062,Chris,Coghlan,LDem,https://www.publicwhip.org.uk/mp.php?mpid=43062
116,43377,Ben,Coleman,Lab,https://www.publicwhip.org.uk/mp.php?mpid=43377
117,42940,Jacob,Collier,Lab,https://www.publicwhip.org.uk/mp.php?mpid=42940
118,43356,Lizzi,Collinge,Lab,https://www.publicwhip.org.uk/mp.php?mpid=43356
119,42876,Tom,Collins,Lab,https://www.publicwhip.org.uk/mp.php?mpid=42876
120,43249,Victoria,Collins,LDem,https://www.publicwhip.org.uk/mp.php?mpid=43249
121,42980,Liam,Conlon,Lab,https://www.publicwhip.org.uk/mp.php?mpid=42980
122,43075,Sarah,Coombes,Lab,https://www.publicwhip.org.uk/mp.php?mpid=43075
123,43066,Andrew,Cooper,Lab,https://www.publicwhip.org.uk/mp.php?mpid=43066
124,43205,Beccy,Cooper,Lab,https://www.publicwhip.org.uk/mp.php?mpid=43205
125,43336,Daisy,Cooper,LDem,https://www.publicwhip.org.uk/mp.php?mpid=43336
126,43429,John,Cooper,Con,https://www.publicwhip.org.uk/mp.php?mpid=43429
127,43146,Yvette,Cooper,Lab,https://www.publicwhip.org.uk/mp.php?mpid=43146
128,42878,Jeremy,Corbyn,Independent,https://www.publicwhip.org.uk/mp.php?mpid=42878
129,43095,Alberto,Costa,Con,https://www.publicwhip.org.uk/mp.php?mpid=43095
130,42942,Deirdre,Costigan,Lab,https://www.publicwhip.org.uk/mp.php?mpid=42942
131,43080,Claire,Coutinho,Con,https://www.publicwhip.org.uk/mp.php?mpid=43080
132,43397,Geoffrey,Cox,Con,https://www.publicwhip.org.uk/mp.php?mpid=43397
133,42817,Pam,Cox,Lab,https://www.publicwhip.org.uk/mp.php?mpid=42817
134,42895,Neil,Coyle,Lab,https://www.publicwhip.org.uk/mp.php?mpid=42895
135,42856,Jennifer,Craft,Lab,https://www.publicwhip.org.uk/mp.php?mpid=42856
136,42841,Mary,Creagh,Lab,https://www.publicwhip.org.uk/mp.php?mpid=42841
137,42870,Stella,Creasy,Lab,https://www.publicwhip.org.uk/mp.php?mpid=42870
138,43166,Torcuil,Crichton,Lab,https://www.publicwhip.org.uk/mp.php?mpid=43166
139,43248,Harriet,Cross,Con,https://www.publicwhip.org.uk/mp.php?mpid=43248
140,43348,Judith,Cummins,Lab,https://www.publicwhip.org.uk/mp.php?mpid=43348
141,42964,Chris,Curtis,Lab,https://www.publicwhip.org.uk/mp.php?mpid=42964
142,43134,Janet,Daby,Lab,https://www.publicwhip.org.uk/mp.php?mpid=43134
143,42854,Nicholas,Dakin,Lab,https://www.publicwhip.org.uk/mp.php?mpid=42854
144,42931,Ashley,Dalton,Lab,https://www.publicwhip.org.uk/mp.php?mpid=42931
145,43086,Adam,Dance,LDem,https://www.publicwhip.org.uk/mp.php?mpid=43086
146,42868,Steve,Darling,LDem,https://www.publicwhip.org.uk/mp.php?mpid=42868
147,42997,Emily,Darlington,Lab,https://www.publicwhip.org.uk/mp.php?mpid=42997
148,42801,Edward,Davey,LDem,https://www.publicwhip.org.uk/mp.php?mpid=42801
149,42898,Ann,Davies,PC,https://www.publicwhip.org.uk/mp.php?mpid=42898
150,43048,Gareth,Davies,Con,https://www.publicwhip.org.uk/mp.php?mpid=43048
151,43288,Jonathan,Davies,Lab,https://www.publicwhip.org.uk/mp.php?mpid=43288
152,43321,Mims,Davies,Con,https://www.publicwhip.org.uk/mp.php?mpid=43321
153,43247,Paul,Davies,Lab,https://www.publicwhip.org.uk/mp.php?mpid=43247
154,42831,Shaun,Davies,Lab,https://www.publicwhip.org.uk/mp.php?mpid=42831
155,42851,Alex,Davies-Jones,Lab,https://www.publicwhip.org.uk/mp.php?mpid=42851
156,43211,David,Davis,Con,https://www.publicwhip.org.uk/mp.php?mpid=43211
157,42811,Marsha,de Cordova,Lab,https://www.publicwhip.org.uk/mp.php?mpid=42811
158,42919,Bobby,Dean,LDem,https://www.publicwhip.org.uk/mp.php?mpid=42919
159,43082,Josh,Dean,Lab,https://www.publicwhip.org.uk/mp.php?mpid=43082
160,43266,Kate,Dearden,Lab,https://www.publicwhip.org.uk/mp.php?mpid=43266
161,42936,Carla,Denyer,Green,https://www.publicwhip.org.uk/mp.php?mpid=42936
162,43091,Charlie,Dewhirst,Con,https://www.publicwhip.org.uk/mp.php?mpid=43091
163,42893,Tan,Dhesi,Lab,https://www.publicwhip.org.uk/mp.php?mpid=42893
164,43265,Jim,Dickson,Lab,https://www.publicwhip.org.uk/mp.php?mpid=43265
165,43335,Lee,Dillon,LDem,https://www.publicwhip.org.uk/mp.php?mpid=43335
166,43047,Caroline,Dinenage,Con,https://www.publicwhip.org.uk/mp.php?mpid=43047
167,43227,Anna,Dixon,Lab,https://www.publicwhip.org.uk/mp.php?mpid=43227
168,42983,Samantha,Dixon,Lab,https://www.publicwhip.org.uk/mp.php?mpid=42983
169,42998,Anneliese,Dodds,Lab,https://www.publicwhip.org.uk/mp.php?mpid=42998
170,43191,Helena,Dollimore,Lab,https://www.publicwhip.org.uk/mp.php?mpid=43191
171,43422,Dave,Doogan,SNP,https://www.publicwhip.org.uk/mp.php?mpid=43422
172,43177,Stephen,Doughty,Lab,https://www.publicwhip.org.uk/mp.php?mpid=43177
173,42813,Peter,Dowd,Lab,https://www.publicwhip.org.uk/mp.php?mpid=42813
174,42977,Oliver,Dowden,Con,https://www.publicwhip.org.uk/mp.php?mpid=42977
175,43179,Graeme,Downie,Lab,https://www.publicwhip.org.uk/mp.php?mpid=43179
176,43176,Rosie,Duffield,Lab,https://www.publicwhip.org.uk/mp.php?mpid=43176
177,43432,Rosie,Duffield,Independent,https://www.publicwhip.org.uk/mp.php?mpid=43432
178,42889,Iain,Duncan Smith,Con,https://www.publicwhip.org.uk/mp.php?mpid=42889
179,43428,Neil,Duncan-Jordan,Lab,https://www.publicwhip.org.uk/mp.php?mpid=43428
180,43045,Sarah,Dyke,LDem,https://www.publicwhip.org.uk/mp.php?mpid=43045
181,43337,Angela,Eagle,Lab,https://www.publicwhip.org.uk/mp.php?mpid=43337
182,43050,Maria,Eagle,Lab,https://www.publicwhip.org.uk/mp.php?mpid=43050
183,43313,Alex,Easton,Independent,https://www.publicwhip.org.uk/mp.php?mpid=43313
184,43411,Colum,Eastwood,SDLP,https://www.publicwhip.org.uk/mp.php?mpid=43411
185,42902,Sorcha,Eastwood,Alliance,https://www.publicwhip.org.uk/mp.php?mpid=42902
186,43344,Cat,Eccles,Lab,https://www.publicwhip.org.uk/mp.php?mpid=43344
187,43367,Lauren,Edwards,Lab,https://www.publicwhip.org.uk/mp.php?mpid=43367
188,43003,Sarah,Edwards,Lab,https://www.publicwhip.org.uk/mp.php?mpid=43003
189,43024,Clive,Efford,Lab,https://www.publicwhip.org.uk/mp.php?mpid=43024
190,43042,Damien,Egan,Lab,https://www.publicwhip.org.uk/mp.php?mpid=43042
191,43126,Maya,Ellis,Lab,https://www.publicwhip.org.uk/mp.php?mpid=43126
192,42814,Chris,Elmore,Lab,https://www.publicwhip.org.uk/mp.php?mpid=42814
193,42934,Kirith,Entwistle,Lab,https://www.publicwhip.org.uk/mp.php?mpid=42934
194,43127,Florence,Eshalomi,Lab,https://www.publicwhip.org.uk/mp.php?mpid=43127
195,42855,Bill,Esterson,Lab,https://www.publicwhip.org.uk/mp.php?mpid=42855
196,42871,Chris,Evans,Lab,https://www.publicwhip.org.uk/mp.php?mpid=42871
197,42846,Luke,Evans,Con,https://www.publicwhip.org.uk/mp.php?mpid=42846
198,42951,Miatta,Fahnbulleh,Lab,https://www.publicwhip.org.uk/mp.php?mpid=42951
199,43063,Hamish,Falconer,Lab,https://www.publicwhip.org.uk/mp.php?mpid=43063
200,42877,Nigel,Farage,Reform UK,https://www.publicwhip.org.uk/mp.php?mpid=42877
201,42888,Linsey,Farnsworth,Lab,https://www.publicwhip.org.uk/mp.php?mpid=42888
202,43173,Tim,Farron,LDem,https://www.publicwhip.org.uk/mp.php?mpid=43173
203,43263,Josh,Fenton-Glynn,Lab,https://www.publicwhip.org.uk/mp.php?mpid=43263
204,42788,Mark,Ferguson,Lab,https://www.publicwhip.org.uk/mp.php?mpid=42788
205,43318,Patricia,Ferguson,Lab,https://www.publicwhip.org.uk/mp.php?mpid=43318
206,42859,Natalie,Fleet,Lab,https://www.publicwhip.org.uk/mp.php?mpid=42859
207,42880,Stephen,Flynn,SNP,https://www.publicwhip.org.uk/mp.php?mpid=42880
208,42789,Emma,Foody,Lab,https://www.publicwhip.org.uk/mp.php?mpid=42789
209,43197,Catherine,Fookes,Lab,https://www.publicwhip.org.uk/mp.php?mpid=43197
210,43285,Richard,Foord,LDem,https://www.publicwhip.org.uk/mp.php?mpid=43285
211,43293,Will,Forster,LDem,https://www.publicwhip.org.uk/mp.php?mpid=43293
212,43327,Peter,Fortune,Con,https://www.publicwhip.org.uk/mp.php?mpid=43327
213,43149,Paul,Foster,Lab,https://www.publicwhip.org.uk/mp.php?mpid=43149
214,42918,Ashley,Fox,Con,https://www.publicwhip.org.uk/mp.php?mpid=42918
215,42925,Vicky,Foxcroft,Lab,https://www.publicwhip.org.uk/mp.php?mpid=42925
216,43007,Mary,Foy,Lab,https://www.publicwhip.org.uk/mp.php?mpid=43007
217,43158,Daniel,Francis,Lab,https://www.publicwhip.org.uk/mp.php?mpid=43158
218,42793,Mark,Francois,Con,https://www.publicwhip.org.uk/mp.php?mpid=42793
219,43282,Z&ouml;e,Franklin,LDem,https://www.publicwhip.org.uk/mp.php?mpid=43282
220,43253,George,Freeman,Con,https://www.publicwhip.org.uk/mp.php?mpid=43253
221,43198,Louie,French,Con,https://www.publicwhip.org.uk/mp.php?mpid=43198
222,43043,James,Frith,Lab,https://www.publicwhip.org.uk/mp.php?mpid=43043
223,43306,Richard,Fuller,Con,https://www.publicwhip.org.uk/mp.php?mpid=43306
224,43034,Gill,Furniss,Lab,https://www.publicwhip.org.uk/mp.php?mpid=43034
225,43412,Roger,Gale,Con,https://www.publicwhip.org.uk/mp.php?mpid=43412
226,42917,Barry,Gardiner,Lab,https://www.publicwhip.org.uk/mp.php?mpid=42917
227,43403,Allison,Gardner,Lab,https://www.publicwhip.org.uk/mp.php?mpid=43403
228,43140,Mark,Garnier,Con,https://www.publicwhip.org.uk/mp.php?mpid=43140
229,43399,Anna,Gelderd,Lab,https://www.publicwhip.org.uk/mp.php?mpid=43399
230,43119,Alan,Gemmell,Lab,https://www.publicwhip.org.uk/mp.php?mpid=43119
231,43256,Andrew,George,LDem,https://www.publicwhip.org.uk/mp.php?mpid=43256
232,42960,Gill,German,Lab,https://www.publicwhip.org.uk/mp.php?mpid=42960
233,43187,Stephen,Gethins,SNP,https://www.publicwhip.org.uk/mp.php?mpid=43187
234,43036,Nusrat,Ghani,Con,https://www.publicwhip.org.uk/mp.php?mpid=43036
235,43340,Sarah,Gibson,LDem,https://www.publicwhip.org.uk/mp.php?mpid=43340
236,43231,Tracy,Gilbert,Lab,https://www.publicwhip.org.uk/mp.php?mpid=43231
237,43369,Preet Kaur,Gill,Lab,https://www.publicwhip.org.uk/mp.php?mpid=43369
238,43258,Rachel,Gilmour,LDem,https://www.publicwhip.org.uk/mp.php?mpid=43258
239,43305,Becky,Gittins,Lab,https://www.publicwhip.org.uk/mp.php?mpid=43305
240,43168,John,Glen,Con,https://www.publicwhip.org.uk/mp.php?mpid=43168
241,43135,Mary,Glindon,Lab,https://www.publicwhip.org.uk/mp.php?mpid=43135
242,43312,Olly,Glover,LDem,https://www.publicwhip.org.uk/mp.php?mpid=43312
243,42840,Marie,Goldman,LDem,https://www.publicwhip.org.uk/mp.php?mpid=42840
244,43238,Ben,Goldsborough,Lab,https://www.publicwhip.org.uk/mp.php?mpid=43238
245,42791,Tom,Gordon,LDem,https://www.publicwhip.org.uk/mp.php?mpid=42791
246,42795,Jodie,Gosling,Lab,https://www.publicwhip.org.uk/mp.php?mpid=42795
247,43236,Georgia,Gould,Lab,https://www.publicwhip.org.uk/mp.php?mpid=43236
248,43028,John,Grady,Lab,https://www.publicwhip.org.uk/mp.php?mpid=43028
249,43269,Helen,Grant,Con,https://www.publicwhip.org.uk/mp.php?mpid=43269
250,43420,Sarah,Green,LDem,https://www.publicwhip.org.uk/mp.php?mpid=43420
251,43089,Lilian,Greenwood,Lab,https://www.publicwhip.org.uk/mp.php?mpid=43089
252,43276,Andrew,Griffith,Con,https://www.publicwhip.org.uk/mp.php?mpid=43276
253,42995,Nia,Griffith,Lab,https://www.publicwhip.org.uk/mp.php?mpid=42995
254,43245,Alison,Griffiths,Con,https://www.publicwhip.org.uk/mp.php?mpid=43245
255,43212,Andrew,Gwynne,Lab,https://www.publicwhip.org.uk/mp.php?mpid=43212
256,43069,Amanda,Hack,Lab,https://www.publicwhip.org.uk/mp.php?mpid=43069
257,43103,Louise,Haigh,Lab,https://www.publicwhip.org.uk/mp.php?mpid=43103
258,43005,Sarah,Hall,Lab,https://www.publicwhip.org.uk/mp.php?mpid=43005
259,43355,Fabian,Hamilton,Lab,https://www.publicwhip.org.uk/mp.php?mpid=43355
260,43347,Paulette,Hamilton,Lab,https://www.publicwhip.org.uk/mp.php?mpid=43347
261,43326,Claire,Hanna,SDLP,https://www.publicwhip.org.uk/mp.php?mpid=43326
262,43210,Monica,Harding,LDem,https://www.publicwhip.org.uk/mp.php?mpid=43210
263,43153,Emma,Hardy,Lab,https://www.publicwhip.org.uk/mp.php?mpid=43153
264,42948,Carolyn,Harris,Lab,https://www.publicwhip.org.uk/mp.php?mpid=42948
265,42815,Rebecca,Harris,Con,https://www.publicwhip.org.uk/mp.php?mpid=42815
266,43114,Lloyd,Hatton,Lab,https://www.publicwhip.org.uk/mp.php?mpid=43114
267,42988,Helen,Hayes,Lab,https://www.publicwhip.org.uk/mp.php?mpid=42988
268,43073,John,Hayes,Con,https://www.publicwhip.org.uk/mp.php?mpid=43073
269,43302,Tom,Hayes,Lab,https://www.publicwhip.org.uk/mp.php?mpid=43302
270,43161,Claire,Hazelgrove,Lab,https://www.publicwhip.org.uk/mp.php?mpid=43161
271,43071,John,Healey,Lab,https://www.publicwhip.org.uk/mp.php?mpid=43071
272,43366,Mark,Hendrick,Lab,https://www.publicwhip.org.uk/mp.php?mpid=43366
273,43017,Pippa,Heylings,LDem,https://www.publicwhip.org.uk/mp.php?mpid=43017
274,42944,Meg,Hillier,Lab,https://www.publicwhip.org.uk/mp.php?mpid=42944
275,43184,Chris,Hinchliff,Lab,https://www.publicwhip.org.uk/mp.php?mpid=43184
276,43225,Jonathan,Hinder,Lab,https://www.publicwhip.org.uk/mp.php?mpid=43225
277,43352,Damian,Hinds,Con,https://www.publicwhip.org.uk/mp.php?mpid=43352
278,43214,Simon,Hoare,Con,https://www.publicwhip.org.uk/mp.php?mpid=43214
279,43129,Wera,Hobhouse,LDem,https://www.publicwhip.org.uk/mp.php?mpid=43129
280,42786,Sharon,Hodgson,Lab,https://www.publicwhip.org.uk/mp.php?mpid=42786
281,42972,Richard,Holden,Con,https://www.publicwhip.org.uk/mp.php?mpid=42972
282,43216,Kevin,Hollinrake,Con,https://www.publicwhip.org.uk/mp.php?mpid=43216
283,43100,Paul,Holmes,Con,https://www.publicwhip.org.uk/mp.php?mpid=43100
284,43233,Rachel,Hopkins,Lab,https://www.publicwhip.org.uk/mp.php?mpid=43233
285,42987,Nigel,Huddleston,Con,https://www.publicwhip.org.uk/mp.php?mpid=42987
286,43027,Neil,Hudson,Con,https://www.publicwhip.org.uk/mp.php?mpid=43027
287,42958,Claire,Hughes,Lab,https://www.publicwhip.org.uk/mp.php?mpid=42958
288,43226,Alison,Hume,Lab,https://www.publicwhip.org.uk/mp.php?mpid=43226
289,43093,Jeremy,Hunt,Con,https://www.publicwhip.org.uk/mp.php?mpid=43093
290,42818,Rupa,Huq,Lab,https://www.publicwhip.org.uk/mp.php?mpid=42818
291,43096,Patrick,Hurley,Lab,https://www.publicwhip.org.uk/mp.php?mpid=43096
292,43362,Adnan,Hussain,Independent,https://www.publicwhip.org.uk/mp.php?mpid=43362
293,43309,Imran,Hussain,Lab,https://www.publicwhip.org.uk/mp.php?mpid=43309
294,43436,Imran,Hussain,Independent,https://www.publicwhip.org.uk/mp.php?mpid=43436
295,42955,Leigh,Ingham,Lab,https://www.publicwhip.org.uk/mp.php?mpid=42955
296,42984,Natasha,Irons,Lab,https://www.publicwhip.org.uk/mp.php?mpid=42984
297,42986,Sally,Jameson,Lab,https://www.publicwhip.org.uk/mp.php?mpid=42986
298,42989,Christine,Jardine,LDem,https://www.publicwhip.org.uk/mp.php?mpid=42989
299,42809,Dan,Jarvis,Lab,https://www.publicwhip.org.uk/mp.php?mpid=42809
300,42819,Liz,Jarvis,LDem,https://www.publicwhip.org.uk/mp.php?mpid=42819
301,43220,Bernard,Jenkin,Con,https://www.publicwhip.org.uk/mp.php?mpid=43220
302,43067,Robert,Jenrick,Con,https://www.publicwhip.org.uk/mp.php?mpid=43067
303,43396,Terry,Jermy,Lab,https://www.publicwhip.org.uk/mp.php?mpid=43396
304,43254,Adam,Jogee,Lab,https://www.publicwhip.org.uk/mp.php?mpid=43254
305,43083,Caroline,Johnson,Con,https://www.publicwhip.org.uk/mp.php?mpid=43083
306,43194,Diana R.,Johnson,Lab,https://www.publicwhip.org.uk/mp.php?mpid=43194
307,43064,Kim,Johnson,Lab,https://www.publicwhip.org.uk/mp.php?mpid=43064
308,42932,Clive,Jones,LDem,https://www.publicwhip.org.uk/mp.php?mpid=42932
309,43246,Darren,Jones,Lab,https://www.publicwhip.org.uk/mp.php?mpid=43246
310,43065,Gerald,Jones,Lab,https://www.publicwhip.org.uk/mp.php?mpid=43065
311,42821,Lillian,Jones,Lab,https://www.publicwhip.org.uk/mp.php?mpid=42821
312,43343,Louise,Jones,Lab,https://www.publicwhip.org.uk/mp.php?mpid=43343
313,42907,Ruth,Jones,Lab,https://www.publicwhip.org.uk/mp.php?mpid=42907
314,43008,Sarah,Jones,Lab,https://www.publicwhip.org.uk/mp.php?mpid=43008
315,43314,Lincoln,Jopp,Con,https://www.publicwhip.org.uk/mp.php?mpid=43314
316,42867,Gurinder,Josan,Lab,https://www.publicwhip.org.uk/mp.php?mpid=42867
317,43325,Sojan,Joseph,Lab,https://www.publicwhip.org.uk/mp.php?mpid=43325
318,43242,Warinder,Juss,Lab,https://www.publicwhip.org.uk/mp.php?mpid=43242
319,43002,Chris,Kane,Lab,https://www.publicwhip.org.uk/mp.php?mpid=43002
320,43206,Mike,Kane,Lab,https://www.publicwhip.org.uk/mp.php?mpid=43206
321,43072,Satvir,Kaur,Lab,https://www.publicwhip.org.uk/mp.php?mpid=43072
322,43199,Alicia,Kearns,Con,https://www.publicwhip.org.uk/mp.php?mpid=43199
323,42924,Liz,Kendall,Lab,https://www.publicwhip.org.uk/mp.php?mpid=42924
324,43331,Afzal,Khan,Lab,https://www.publicwhip.org.uk/mp.php?mpid=43331
325,43424,Ayoub,Khan,Independent,https://www.publicwhip.org.uk/mp.php?mpid=43424
326,43295,Naushabah,Khan,Lab,https://www.publicwhip.org.uk/mp.php?mpid=43295
327,42911,Stephen,Kinnock,Lab,https://www.publicwhip.org.uk/mp.php?mpid=42911
328,43228,Jayne,Kirkham,Lab,https://www.publicwhip.org.uk/mp.php?mpid=43228
329,43388,Gen,Kitchen,Lab,https://www.publicwhip.org.uk/mp.php?mpid=43388
330,43308,Paul,Kohler,LDem,https://www.publicwhip.org.uk/mp.php?mpid=43308
331,43209,Danny,Kruger,Con,https://www.publicwhip.org.uk/mp.php?mpid=43209
332,43351,Sonia,Kumar,Lab,https://www.publicwhip.org.uk/mp.php?mpid=43351
333,43257,Uma,Kumaran,Lab,https://www.publicwhip.org.uk/mp.php?mpid=43257
334,43267,Peter,Kyle,Lab,https://www.publicwhip.org.uk/mp.php?mpid=43267
335,43415,Laura,Kyrke-Smith,Lab,https://www.publicwhip.org.uk/mp.php?mpid=43415
336,43108,Ben,Lake,PC,https://www.publicwhip.org.uk/mp.php?mpid=43108
337,43345,Katie,Lam,Con,https://www.publicwhip.org.uk/mp.php?mpid=43345
338,43391,Peter,Lamb,Lab,https://www.publicwhip.org.uk/mp.php?mpid=43391
339,43021,David,Lammy,Lab,https://www.publicwhip.org.uk/mp.php?mpid=43021
340,43041,John,Lamont,Con,https://www.publicwhip.org.uk/mp.php?mpid=43041
341,42783,Ian,Lavery,Lab,https://www.publicwhip.org.uk/mp.php?mpid=42783
342,43009,Chris,Law,SNP,https://www.publicwhip.org.uk/mp.php?mpid=43009
343,43203,Noah,Law,Lab,https://www.publicwhip.org.uk/mp.php?mpid=43203
344,43171,Kim,Leadbeater,Lab,https://www.publicwhip.org.uk/mp.php?mpid=43171
345,43165,Graham,Leadbitter,SNP,https://www.publicwhip.org.uk/mp.php?mpid=43165
346,43281,Edward,Leigh,Con,https://www.publicwhip.org.uk/mp.php?mpid=43281
347,43157,Brian,Leishman,Lab,https://www.publicwhip.org.uk/mp.php?mpid=43157
348,42790,Emma,Lewell-Buck,Lab,https://www.publicwhip.org.uk/mp.php?mpid=42790
349,42930,Andrew,Lewin,Lab,https://www.publicwhip.org.uk/mp.php?mpid=42930
350,42850,Clive,Lewis,Lab,https://www.publicwhip.org.uk/mp.php?mpid=42850
351,42966,Julian,Lewis,Con,https://www.publicwhip.org.uk/mp.php?mpid=42966
352,43229,Simon,Lightwood,Lab,https://www.publicwhip.org.uk/mp.php?mpid=43229
353,43004,Carla,Lockhart,DUP,https://www.publicwhip.org.uk/mp.php?mpid=43004
354,43243,Seamus,Logan,SNP,https://www.publicwhip.org.uk/mp.php?mpid=43243
355,43272,Rebecca,Long-Bailey,Lab,https://www.publicwhip.org.uk/mp.php?mpid=43272
356,43437,Rebecca,Long-Bailey,Independent,https://www.publicwhip.org.uk/mp.php?mpid=43437
357,43232,Julia,Lopez,Con,https://www.publicwhip.org.uk/mp.php?mpid=43232
358,42900,Rupert,Lowe,Reform UK,https://www.publicwhip.org.uk/mp.php?mpid=42900
359,42807,Josh,MacAlister,Lab,https://www.publicwhip.org.uk/mp.php?mpid=42807
360,43330,James,MacCleary,LDem,https://www.publicwhip.org.uk/mp.php?mpid=43330
361,43070,Alice,Macdonald,Lab,https://www.publicwhip.org.uk/mp.php?mpid=43070
362,43431,Angus,MacDonald,LDem,https://www.publicwhip.org.uk/mp.php?mpid=43431
363,42954,Andy,MacNae,Lab,https://www.publicwhip.org.uk/mp.php?mpid=42954
364,42921,Justin,Madders,Lab,https://www.publicwhip.org.uk/mp.php?mpid=42921
365,43406,Ben,Maguire,LDem,https://www.publicwhip.org.uk/mp.php?mpid=43406
366,43413,Helen,Maguire,LDem,https://www.publicwhip.org.uk/mp.php?mpid=43413
367,43383,Shabana,Mahmood,Lab,https://www.publicwhip.org.uk/mp.php?mpid=43383
368,43055,Alan,Mak,Con,https://www.publicwhip.org.uk/mp.php?mpid=43055
369,43011,Seema,Malhotra,Lab,https://www.publicwhip.org.uk/mp.php?mpid=43011
370,43235,Kit,Malthouse,Con,https://www.publicwhip.org.uk/mp.php?mpid=43235
371,43033,Amanda,Martin,Lab,https://www.publicwhip.org.uk/mp.php?mpid=43033
372,42971,Mike,Martin,LDem,https://www.publicwhip.org.uk/mp.php?mpid=42971
373,42957,Rachael,Maskell,Lab,https://www.publicwhip.org.uk/mp.php?mpid=42957
374,43376,Keir,Mather,Lab,https://www.publicwhip.org.uk/mp.php?mpid=43376
375,43196,Brian,Mathew,LDem,https://www.publicwhip.org.uk/mp.php?mpid=43196
376,42961,Alex,Mayer,Lab,https://www.publicwhip.org.uk/mp.php?mpid=42961
377,43130,Jerome,Mayhew,Con,https://www.publicwhip.org.uk/mp.php?mpid=43130
378,43259,Charlie,Maynard,LDem,https://www.publicwhip.org.uk/mp.php?mpid=43259
379,42834,Douglas,McAllister,Lab,https://www.publicwhip.org.uk/mp.php?mpid=42834
380,43053,Kerry,McCarthy,Lab,https://www.publicwhip.org.uk/mp.php?mpid=43053
381,43030,Martin,McCluskey,Lab,https://www.publicwhip.org.uk/mp.php?mpid=43030
382,42890,Siobhain,McDonagh,Lab,https://www.publicwhip.org.uk/mp.php?mpid=42890
383,42826,Andy,McDonald,Lab,https://www.publicwhip.org.uk/mp.php?mpid=42826
384,42909,Chris,McDonald,Lab,https://www.publicwhip.org.uk/mp.php?mpid=42909
385,43192,John Martin,McDonnell,Lab,https://www.publicwhip.org.uk/mp.php?mpid=43192
386,43439,John Martin,McDonnell,Independent,https://www.publicwhip.org.uk/mp.php?mpid=43439
387,43152,Blair,McDougall,Lab,https://www.publicwhip.org.uk/mp.php?mpid=43152
388,42796,Lola,McEvoy,Lab,https://www.publicwhip.org.uk/mp.php?mpid=42796
389,42933,Pat,McFadden,Lab,https://www.publicwhip.org.uk/mp.php?mpid=42933
390,42896,Alison,McGovern,Lab,https://www.publicwhip.org.uk/mp.php?mpid=42896
391,43046,Alex,McIntyre,Lab,https://www.publicwhip.org.uk/mp.php?mpid=43046
392,43092,Gordon,McKee,Lab,https://www.publicwhip.org.uk/mp.php?mpid=43092
393,43237,Kevin,McKenna,Lab,https://www.publicwhip.org.uk/mp.php?mpid=43237
394,42849,Catherine,McKinnell,Lab,https://www.publicwhip.org.uk/mp.php?mpid=42849
395,42979,Jim,McMahon,Lab,https://www.publicwhip.org.uk/mp.php?mpid=42979
396,43107,Anna,McMorrin,Lab,https://www.publicwhip.org.uk/mp.php?mpid=43107
397,43430,James,McMurdock,Reform UK,https://www.publicwhip.org.uk/mp.php?mpid=43430
398,43023,Frank,McNally,Lab,https://www.publicwhip.org.uk/mp.php?mpid=43023
399,43088,Kirsty,McNeill,Lab,https://www.publicwhip.org.uk/mp.php?mpid=43088
400,43300,Esther,McVey,Con,https://www.publicwhip.org.uk/mp.php?mpid=43300
401,43077,Llinos,Medi,PC,https://www.publicwhip.org.uk/mp.php?mpid=43077
402,42802,Anneliese,Midgley,Lab,https://www.publicwhip.org.uk/mp.php?mpid=42802
403,43079,Ed,Miliband,Lab,https://www.publicwhip.org.uk/mp.php?mpid=43079
404,43398,Calum,Miller,LDem,https://www.publicwhip.org.uk/mp.php?mpid=43398
405,43407,John,Milne,LDem,https://www.publicwhip.org.uk/mp.php?mpid=43407
406,42982,Julie,Minns,Lab,https://www.publicwhip.org.uk/mp.php?mpid=42982
407,43090,Navendu,Mishra,Lab,https://www.publicwhip.org.uk/mp.php?mpid=43090
408,43139,Andrew,Mitchell,Con,https://www.publicwhip.org.uk/mp.php?mpid=43139
409,43000,Abtisam,Mohamed,Lab,https://www.publicwhip.org.uk/mp.php?mpid=43000
410,43402,Iqbal,Mohamed,Independent,https://www.publicwhip.org.uk/mp.php?mpid=43402
411,43202,Gagan,Mohindra,Con,https://www.publicwhip.org.uk/mp.php?mpid=43202
412,43141,Perran,Moon,Lab,https://www.publicwhip.org.uk/mp.php?mpid=43141
413,43286,Robbie,Moore,Con,https://www.publicwhip.org.uk/mp.php?mpid=43286
414,43224,Layla,Moran,LDem,https://www.publicwhip.org.uk/mp.php?mpid=43224
415,43124,Jessica,Morden,Lab,https://www.publicwhip.org.uk/mp.php?mpid=43124
416,43379,Edward,Morello,LDem,https://www.publicwhip.org.uk/mp.php?mpid=43379
417,43271,Helen,Morgan,LDem,https://www.publicwhip.org.uk/mp.php?mpid=43271
418,43297,Stephen,Morgan,Lab,https://www.publicwhip.org.uk/mp.php?mpid=43297
419,42843,Grahame,Morris,Lab,https://www.publicwhip.org.uk/mp.php?mpid=42843
420,43111,Joe,Morris,Lab,https://www.publicwhip.org.uk/mp.php?mpid=43111
421,42974,Tom,Morrison,LDem,https://www.publicwhip.org.uk/mp.php?mpid=42974
422,43423,Joy,Morrissey,Con,https://www.publicwhip.org.uk/mp.php?mpid=43423
423,42912,Wendy,Morton,Con,https://www.publicwhip.org.uk/mp.php?mpid=42912
424,43188,Kieran,Mullan,Con,https://www.publicwhip.org.uk/mp.php?mpid=43188
425,43160,Margaret,Mullane,Lab,https://www.publicwhip.org.uk/mp.php?mpid=43160
426,43427,David,Mundell,Con,https://www.publicwhip.org.uk/mp.php?mpid=43427
427,43301,Tessa,Munt,LDem,https://www.publicwhip.org.uk/mp.php?mpid=43301
428,43150,Luke,Murphy,Lab,https://www.publicwhip.org.uk/mp.php?mpid=43150
429,43390,Chris,Murray,Lab,https://www.publicwhip.org.uk/mp.php?mpid=43390
430,43131,Ian,Murray,Lab,https://www.publicwhip.org.uk/mp.php?mpid=43131
431,42842,James,Murray,Lab,https://www.publicwhip.org.uk/mp.php?mpid=42842
432,43159,Katrina,Murray,Lab,https://www.publicwhip.org.uk/mp.php?mpid=43159
433,43032,Susan,Murray,LDem,https://www.publicwhip.org.uk/mp.php?mpid=43032
434,43409,Andrew,Murrison,Con,https://www.publicwhip.org.uk/mp.php?mpid=43409
435,42996,Luke,Myer,Lab,https://www.publicwhip.org.uk/mp.php?mpid=42996
436,42828,James,Naish,Lab,https://www.publicwhip.org.uk/mp.php?mpid=42828
437,43190,Connor,Naismith,Lab,https://www.publicwhip.org.uk/mp.php?mpid=43190
438,42875,Lisa,Nandy,Lab,https://www.publicwhip.org.uk/mp.php?mpid=42875
439,42833,Kanishka,Narayan,Lab,https://www.publicwhip.org.uk/mp.php?mpid=42833
440,42965,Pamela,Nash,Lab,https://www.publicwhip.org.uk/mp.php?mpid=42965
441,42800,Josh,Newbury,Lab,https://www.publicwhip.org.uk/mp.php?mpid=42800
442,43001,Samantha,Niblett,Lab,https://www.publicwhip.org.uk/mp.php?mpid=43001
443,42910,Charlotte,Nichols,Lab,https://www.publicwhip.org.uk/mp.php?mpid=42910
444,42892,Caroline,Nokes,Con,https://www.publicwhip.org.uk/mp.php?mpid=42892
445,43181,Jesse,Norman,Con,https://www.publicwhip.org.uk/mp.php?mpid=43181
446,42950,Alex,Norris,Lab,https://www.publicwhip.org.uk/mp.php?mpid=42950
447,43223,Dan,Norris,Lab,https://www.publicwhip.org.uk/mp.php?mpid=43223
448,43029,Neil,O&#39;Brien,Con,https://www.publicwhip.org.uk/mp.php?mpid=43029
449,43417,Brendan,O&#39;Hara,SNP,https://www.publicwhip.org.uk/mp.php?mpid=43417
450,42883,Ben,Obese-Jecty,Con,https://www.publicwhip.org.uk/mp.php?mpid=42883
451,43290,Sarah,Olney,LDem,https://www.publicwhip.org.uk/mp.php?mpid=43290
452,43012,Melanie,Onn,Lab,https://www.publicwhip.org.uk/mp.php?mpid=43012
453,42787,Chi,Onwurah,Lab,https://www.publicwhip.org.uk/mp.php?mpid=42787
454,42794,Simon,Opher,Lab,https://www.publicwhip.org.uk/mp.php?mpid=42794
455,43180,Abena,Oppong-Asare,Lab,https://www.publicwhip.org.uk/mp.php?mpid=43180
456,42962,Kate,Osamor,Lab,https://www.publicwhip.org.uk/mp.php?mpid=42962
457,42792,Kate,Osborne,Lab,https://www.publicwhip.org.uk/mp.php?mpid=42792
458,43350,Tristan,Osborne,Lab,https://www.publicwhip.org.uk/mp.php?mpid=43350
459,42872,Taiwo,Owatemi,Lab,https://www.publicwhip.org.uk/mp.php?mpid=42872
460,42874,Sarah,Owen,Lab,https://www.publicwhip.org.uk/mp.php?mpid=42874
461,43035,Darren,Paffey,Lab,https://www.publicwhip.org.uk/mp.php?mpid=43035
462,43372,Andrew,Pakes,Lab,https://www.publicwhip.org.uk/mp.php?mpid=43372
463,43405,Priti,Patel,Con,https://www.publicwhip.org.uk/mp.php?mpid=43405
464,43039,Matthew,Patrick,Lab,https://www.publicwhip.org.uk/mp.php?mpid=43039
465,43106,Rebecca,Paul,Con,https://www.publicwhip.org.uk/mp.php?mpid=43106
466,42991,Michael,Payne,Lab,https://www.publicwhip.org.uk/mp.php?mpid=42991
467,42838,Stephanie,Peacock,Lab,https://www.publicwhip.org.uk/mp.php?mpid=42838
468,42901,Jonathan,Pearce,Lab,https://www.publicwhip.org.uk/mp.php?mpid=42901
469,43120,Matthew,Pennycook,Lab,https://www.publicwhip.org.uk/mp.php?mpid=43120
470,43098,Toby,Perkins,Lab,https://www.publicwhip.org.uk/mp.php?mpid=43098
471,43307,Manuela,Perteghella,LDem,https://www.publicwhip.org.uk/mp.php?mpid=43307
472,43278,Jess,Phillips,Lab,https://www.publicwhip.org.uk/mp.php?mpid=43278
473,42782,Bridget,Phillipson,Lab,https://www.publicwhip.org.uk/mp.php?mpid=42782
474,43044,Chris,Philp,Con,https://www.publicwhip.org.uk/mp.php?mpid=43044
475,43358,Al,Pinkerton,LDem,https://www.publicwhip.org.uk/mp.php?mpid=43358
476,43426,David,Pinto-Duschinsky,Lab,https://www.publicwhip.org.uk/mp.php?mpid=43426
477,43099,Lee,Pitcher,Lab,https://www.publicwhip.org.uk/mp.php?mpid=43099
478,42823,Jo,Platt,Lab,https://www.publicwhip.org.uk/mp.php?mpid=42823
479,43167,Luke,Pollard,Lab,https://www.publicwhip.org.uk/mp.php?mpid=43167
480,43122,Joe,Powell,Lab,https://www.publicwhip.org.uk/mp.php?mpid=43122
481,43163,Lucy,Powell,Lab,https://www.publicwhip.org.uk/mp.php?mpid=43163
482,43031,Gregor,Poynton,Lab,https://www.publicwhip.org.uk/mp.php?mpid=43031
483,42941,Peter,Prinsley,Lab,https://www.publicwhip.org.uk/mp.php?mpid=42941
484,43172,Mark,Pritchard,Con,https://www.publicwhip.org.uk/mp.php?mpid=43172
485,42922,Richard,Quigley,Lab,https://www.publicwhip.org.uk/mp.php?mpid=42922
486,42913,Yasmin,Qureshi,Lab,https://www.publicwhip.org.uk/mp.php?mpid=42913
487,42861,Steve,Race,Lab,https://www.publicwhip.org.uk/mp.php?mpid=42861
488,42903,Shivani,Raja,Con,https://www.publicwhip.org.uk/mp.php?mpid=42903
489,43204,Adrian,Ramsay,Green,https://www.publicwhip.org.uk/mp.php?mpid=43204
490,43116,Connor,Rand,Lab,https://www.publicwhip.org.uk/mp.php?mpid=43116
491,42837,Andrew,Ranger,Lab,https://www.publicwhip.org.uk/mp.php?mpid=42837
492,43404,Jack,Rankin,Con,https://www.publicwhip.org.uk/mp.php?mpid=43404
493,42808,Angela,Rayner,Lab,https://www.publicwhip.org.uk/mp.php?mpid=42808
494,43418,Mike,Reader,Lab,https://www.publicwhip.org.uk/mp.php?mpid=43418
495,43414,David,Reed,Con,https://www.publicwhip.org.uk/mp.php?mpid=43414
496,43074,Steve,Reed,Lab,https://www.publicwhip.org.uk/mp.php?mpid=43074
497,43013,Ellie,Reeves,Lab,https://www.publicwhip.org.uk/mp.php?mpid=43013
498,42822,Rachel,Reeves,Lab,https://www.publicwhip.org.uk/mp.php?mpid=42822
499,43010,Joani,Reid,Lab,https://www.publicwhip.org.uk/mp.php?mpid=43010
500,43419,Emma,Reynolds,Lab,https://www.publicwhip.org.uk/mp.php?mpid=43419
501,43239,Jonathan,Reynolds,Lab,https://www.publicwhip.org.uk/mp.php?mpid=43239
502,43386,Joshua,Reynolds,LDem,https://www.publicwhip.org.uk/mp.php?mpid=43386
503,43317,Martin,Rhodes,Lab,https://www.publicwhip.org.uk/mp.php?mpid=43317
504,43078,Bell,Ribeiro-Addy,Lab,https://www.publicwhip.org.uk/mp.php?mpid=43078
505,43147,Jake,Richards,Lab,https://www.publicwhip.org.uk/mp.php?mpid=43147
506,43020,Jenny,Riddell-Carpenter,Lab,https://www.publicwhip.org.uk/mp.php?mpid=43020
507,43363,Lucy,Rigby,Lab,https://www.publicwhip.org.uk/mp.php?mpid=43363
508,42886,Marie,Rimmer,Lab,https://www.publicwhip.org.uk/mp.php?mpid=42886
509,42926,Dave,Robertson,Lab,https://www.publicwhip.org.uk/mp.php?mpid=42926
510,43182,Joe,Robertson,Con,https://www.publicwhip.org.uk/mp.php?mpid=43182
511,43175,Gavin,Robinson,DUP,https://www.publicwhip.org.uk/mp.php?mpid=43175
512,43268,Tim,Roca,Lab,https://www.publicwhip.org.uk/mp.php?mpid=43268
513,42852,Matt,Rodda,Lab,https://www.publicwhip.org.uk/mp.php?mpid=42852
514,42949,Ian,Roome,LDem,https://www.publicwhip.org.uk/mp.php?mpid=42949
515,42999,Andrew,Rosindell,Con,https://www.publicwhip.org.uk/mp.php?mpid=42999
516,42812,Sam,Rushworth,Lab,https://www.publicwhip.org.uk/mp.php?mpid=42812
517,43311,Sarah,Russell,Lab,https://www.publicwhip.org.uk/mp.php?mpid=43311
518,43110,Tom,Rutland,Lab,https://www.publicwhip.org.uk/mp.php?mpid=43110
519,42939,Oliver,Ryan,Lab,https://www.publicwhip.org.uk/mp.php?mpid=42939
520,43162,Anna,Sabine,LDem,https://www.publicwhip.org.uk/mp.php?mpid=43162
521,43054,Sarah,Sackman,Lab,https://www.publicwhip.org.uk/mp.php?mpid=43054
522,43222,Jeevun,Sandher,Lab,https://www.publicwhip.org.uk/mp.php?mpid=43222
523,43378,Roz,Savage,LDem,https://www.publicwhip.org.uk/mp.php?mpid=43378
524,43109,Liz,Saville-Roberts,PC,https://www.publicwhip.org.uk/mp.php?mpid=43109
525,42810,Michelle,Scrogham,Lab,https://www.publicwhip.org.uk/mp.php?mpid=42810
526,43057,Mark,Sewards,Lab,https://www.publicwhip.org.uk/mp.php?mpid=43057
527,43349,Naseem,Shah,Lab,https://www.publicwhip.org.uk/mp.php?mpid=43349
528,43151,Baggy,Shanker,Lab,https://www.publicwhip.org.uk/mp.php?mpid=43151
529,42929,Michael,Shanks,Lab,https://www.publicwhip.org.uk/mp.php?mpid=42929
530,43373,Jim,Shannon,DUP,https://www.publicwhip.org.uk/mp.php?mpid=43373
531,43052,Neil,Shastri-Hurst,Con,https://www.publicwhip.org.uk/mp.php?mpid=43052
532,43401,Alec,Shelbrooke,Con,https://www.publicwhip.org.uk/mp.php?mpid=43401
533,42963,Tulip,Siddiq,Lab,https://www.publicwhip.org.uk/mp.php?mpid=42963
534,43185,David,Simmonds,Con,https://www.publicwhip.org.uk/mp.php?mpid=43185
535,42825,Josh,Simons,Lab,https://www.publicwhip.org.uk/mp.php?mpid=42825
536,43333,Vikki,Slade,LDem,https://www.publicwhip.org.uk/mp.php?mpid=43333
537,43213,Andrew,Slaughter,Lab,https://www.publicwhip.org.uk/mp.php?mpid=43213
538,43298,John,Slinger,Lab,https://www.publicwhip.org.uk/mp.php?mpid=43298
539,43284,Lisa,Smart,LDem,https://www.publicwhip.org.uk/mp.php?mpid=43284
540,43123,Cat,Smith,Lab,https://www.publicwhip.org.uk/mp.php?mpid=43123
541,43382,David,Smith,Lab,https://www.publicwhip.org.uk/mp.php?mpid=43382
542,43332,Greg,Smith,Con,https://www.publicwhip.org.uk/mp.php?mpid=43332
543,43183,Jeff,Smith,Lab,https://www.publicwhip.org.uk/mp.php?mpid=43183
544,43374,Julian,Smith,Con,https://www.publicwhip.org.uk/mp.php?mpid=43374
545,43380,Nick,Smith,Lab,https://www.publicwhip.org.uk/mp.php?mpid=43380
546,43201,Rebecca,Smith,Con,https://www.publicwhip.org.uk/mp.php?mpid=43201
547,42993,Sarah,Smith,Lab,https://www.publicwhip.org.uk/mp.php?mpid=42993
548,42937,Karin,Smyth,Lab,https://www.publicwhip.org.uk/mp.php?mpid=42937
549,43138,Gareth,Snell,Lab,https://www.publicwhip.org.uk/mp.php?mpid=43138
550,42863,Andrew,Snowden,Con,https://www.publicwhip.org.uk/mp.php?mpid=42863
551,43154,Alex,Sobel,Lab,https://www.publicwhip.org.uk/mp.php?mpid=43154
552,43084,Ian,Sollom,LDem,https://www.publicwhip.org.uk/mp.php?mpid=43084
553,43375,Ben,Spencer,Con,https://www.publicwhip.org.uk/mp.php?mpid=43375
554,43328,Patrick,Spencer,Con,https://www.publicwhip.org.uk/mp.php?mpid=43328
555,43410,Gregory,Stafford,Con,https://www.publicwhip.org.uk/mp.php?mpid=43410
556,42990,Euan,Stainbank,Lab,https://www.publicwhip.org.uk/mp.php?mpid=42990
557,42864,Keir,Starmer,Lab,https://www.publicwhip.org.uk/mp.php?mpid=42864
558,42884,Blake,Stephenson,Con,https://www.publicwhip.org.uk/mp.php?mpid=42884
559,43304,Jo,Stevens,Lab,https://www.publicwhip.org.uk/mp.php?mpid=43304
560,43244,Kenneth,Stevenson,Lab,https://www.publicwhip.org.uk/mp.php?mpid=43244
561,43368,Elaine,Stewart,Lab,https://www.publicwhip.org.uk/mp.php?mpid=43368
562,43262,Jamie,Stone,LDem,https://www.publicwhip.org.uk/mp.php?mpid=43262
563,42805,Will,Stone,Lab,https://www.publicwhip.org.uk/mp.php?mpid=42805
564,43342,Alistair,Strathern,Lab,https://www.publicwhip.org.uk/mp.php?mpid=43342
565,43121,Wes,Streeting,Lab,https://www.publicwhip.org.uk/mp.php?mpid=43121
566,43068,Alan,Strickland,Lab,https://www.publicwhip.org.uk/mp.php?mpid=43068
567,43416,Mel,Stride,Con,https://www.publicwhip.org.uk/mp.php?mpid=43416
568,43208,Graham,Stringer,Lab,https://www.publicwhip.org.uk/mp.php?mpid=43208
569,43361,Graham,Stuart,Con,https://www.publicwhip.org.uk/mp.php?mpid=43361
570,43174,Kirsteen,Sullivan,Lab,https://www.publicwhip.org.uk/mp.php?mpid=43174
571,43049,Lauren,Sullivan,Lab,https://www.publicwhip.org.uk/mp.php?mpid=43049
572,42975,Zarah,Sultana,Lab,https://www.publicwhip.org.uk/mp.php?mpid=42975
573,43438,Zarah,Sultana,Independent,https://www.publicwhip.org.uk/mp.php?mpid=43438
574,43094,Rishi,Sunak,Con,https://www.publicwhip.org.uk/mp.php?mpid=43094
575,42915,Peter,Swallow,Lab,https://www.publicwhip.org.uk/mp.php?mpid=42915
576,43255,Robin,Swann,UUP,https://www.publicwhip.org.uk/mp.php?mpid=43255
577,43384,Desmond,Swayne,Con,https://www.publicwhip.org.uk/mp.php?mpid=43384
578,43022,Mark,Tami,Lab,https://www.publicwhip.org.uk/mp.php?mpid=43022
579,43381,Mike,Tapp,Lab,https://www.publicwhip.org.uk/mp.php?mpid=43381
580,43296,Alison,Taylor,Lab,https://www.publicwhip.org.uk/mp.php?mpid=43296
581,43322,David,Taylor,Lab,https://www.publicwhip.org.uk/mp.php?mpid=43322
582,43060,Luke,Taylor,LDem,https://www.publicwhip.org.uk/mp.php?mpid=43060
583,43125,Rachel,Taylor,Lab,https://www.publicwhip.org.uk/mp.php?mpid=43125
584,43294,Bradley,Thomas,Con,https://www.publicwhip.org.uk/mp.php?mpid=43294
585,43241,Cameron,Thomas,LDem,https://www.publicwhip.org.uk/mp.php?mpid=43241
586,43058,Fred,Thomas,Lab,https://www.publicwhip.org.uk/mp.php?mpid=43058
587,43250,Gareth,Thomas,Lab,https://www.publicwhip.org.uk/mp.php?mpid=43250
588,42858,Nick,Thomas-Symonds,Lab,https://www.publicwhip.org.uk/mp.php?mpid=42858
589,42820,Adam,Thompson,Lab,https://www.publicwhip.org.uk/mp.php?mpid=42820
590,42847,Emily,Thornberry,Lab,https://www.publicwhip.org.uk/mp.php?mpid=42847
591,42973,Richard,Tice,Reform UK,https://www.publicwhip.org.uk/mp.php?mpid=42973
592,42952,Marie,Tidball,Lab,https://www.publicwhip.org.uk/mp.php?mpid=42952
593,43087,Stephen,Timms,Lab,https://www.publicwhip.org.uk/mp.php?mpid=43087
594,42835,Nick,Timothy,Con,https://www.publicwhip.org.uk/mp.php?mpid=42835
595,43303,Jessica,Toale,Lab,https://www.publicwhip.org.uk/mp.php?mpid=43303
596,43178,Dan,Tomlinson,Lab,https://www.publicwhip.org.uk/mp.php?mpid=43178
597,43357,Jon,Trickett,Lab,https://www.publicwhip.org.uk/mp.php?mpid=43357
598,43016,Laura,Trott,Con,https://www.publicwhip.org.uk/mp.php?mpid=43016
599,42947,Henry,Tufnell,Lab,https://www.publicwhip.org.uk/mp.php?mpid=42947
600,43274,Thomas,Tugendhat,Con,https://www.publicwhip.org.uk/mp.php?mpid=43274
601,42803,Anna,Turley,Lab,https://www.publicwhip.org.uk/mp.php?mpid=42803
602,43006,Matt,Turmaine,Lab,https://www.publicwhip.org.uk/mp.php?mpid=43006
603,42923,Karl,Turner,Lab,https://www.publicwhip.org.uk/mp.php?mpid=42923
604,43217,Laurence,Turner,Lab,https://www.publicwhip.org.uk/mp.php?mpid=43217
605,42836,Derek,Twigg,Lab,https://www.publicwhip.org.uk/mp.php?mpid=42836
606,42897,Liz,Twist,Lab,https://www.publicwhip.org.uk/mp.php?mpid=42897
607,43193,Harpreet,Uppal,Lab,https://www.publicwhip.org.uk/mp.php?mpid=43193
608,43251,Freddie,Van Mierlo,LDem,https://www.publicwhip.org.uk/mp.php?mpid=43251
609,42862,Tony,Vaughan,Lab,https://www.publicwhip.org.uk/mp.php?mpid=42862
610,43037,Valerie,Vaz,Lab,https://www.publicwhip.org.uk/mp.php?mpid=43037
611,43261,Martin,Vickers,Con,https://www.publicwhip.org.uk/mp.php?mpid=43261
612,43097,Matt,Vickers,Con,https://www.publicwhip.org.uk/mp.php?mpid=43097
613,42873,Christopher,Vince,Lab,https://www.publicwhip.org.uk/mp.php?mpid=42873
614,43200,Caroline,Voaden,LDem,https://www.publicwhip.org.uk/mp.php?mpid=43200
615,43230,Christian,Wakeford,Lab,https://www.publicwhip.org.uk/mp.php?mpid=43230
616,42992,Imogen,Walker,Lab,https://www.publicwhip.org.uk/mp.php?mpid=42992
617,43219,Chris,Ward,Lab,https://www.publicwhip.org.uk/mp.php?mpid=43219
618,43389,Melanie,Ward,Lab,https://www.publicwhip.org.uk/mp.php?mpid=43389
619,42804,Paul,Waugh,Lab,https://www.publicwhip.org.uk/mp.php?mpid=42804
620,42798,Chris,Webb,Lab,https://www.publicwhip.org.uk/mp.php?mpid=42798
621,43273,Michelle,Welsh,Lab,https://www.publicwhip.org.uk/mp.php?mpid=43273
622,43101,Catherine,West,Lab,https://www.publicwhip.org.uk/mp.php?mpid=43101
623,43156,Andrew,Western,Lab,https://www.publicwhip.org.uk/mp.php?mpid=43156
624,43115,Matt,Western,Lab,https://www.publicwhip.org.uk/mp.php?mpid=43115
625,43341,Helen,Whately,Con,https://www.publicwhip.org.uk/mp.php?mpid=43341
626,43275,Michael,Wheeler,Lab,https://www.publicwhip.org.uk/mp.php?mpid=43275
627,43392,John,Whitby,Lab,https://www.publicwhip.org.uk/mp.php?mpid=43392
628,42894,Jo,White,Lab,https://www.publicwhip.org.uk/mp.php?mpid=42894
629,43221,Katie,White,Lab,https://www.publicwhip.org.uk/mp.php?mpid=43221
630,43270,John,Whittingdale,Con,https://www.publicwhip.org.uk/mp.php?mpid=43270
631,42968,Nadia,Whittome,Lab,https://www.publicwhip.org.uk/mp.php?mpid=42968
632,43364,James,Wild,Con,https://www.publicwhip.org.uk/mp.php?mpid=43364
633,42860,Max,Wilkinson,LDem,https://www.publicwhip.org.uk/mp.php?mpid=42860
634,42970,David,Williams,Lab,https://www.publicwhip.org.uk/mp.php?mpid=42970
635,43186,Gavin,Williamson,Con,https://www.publicwhip.org.uk/mp.php?mpid=43186
636,42869,Munira,Wilson,LDem,https://www.publicwhip.org.uk/mp.php?mpid=42869
637,43142,Sammy,Wilson,DUP,https://www.publicwhip.org.uk/mp.php?mpid=43142
638,42953,Pete,Wishart,SNP,https://www.publicwhip.org.uk/mp.php?mpid=42953
639,43334,Steve,Witherden,Lab,https://www.publicwhip.org.uk/mp.php?mpid=43334
640,43195,Mike,Wood,Con,https://www.publicwhip.org.uk/mp.php?mpid=43195
641,43277,Sean,Woodcock,Lab,https://www.publicwhip.org.uk/mp.php?mpid=43277
642,43323,Jeremy,Wright,Con,https://www.publicwhip.org.uk/mp.php?mpid=43323
643,43394,Rosie,Wrighting,Lab,https://www.publicwhip.org.uk/mp.php?mpid=43394
644,43144,Martin,Wrigley,LDem,https://www.publicwhip.org.uk/mp.php?mpid=43144
645,43371,Yuan,Yang,Lab,https://www.publicwhip.org.uk/mp.php?mpid=43371
646,43315,Mohammad,Yasin,Lab,https://www.publicwhip.org.uk/mp.php?mpid=43315
647,43112,Steve,Yemm,Lab,https://www.publicwhip.org.uk/mp.php?mpid=43112
648,43085,Claire,Young,LDem,https://www.publicwhip.org.uk/mp.php?mpid=43085
649,42959,Daniel,Zeichner,Lab,https://www.publicwhip.org.uk/mp.php?mpid=42959
